Name,URL,State,District,Party,Terms
"Representative Abraham, Ralph Lee",https://www.congress.gov/member/ralph-abraham/A000374,Louisiana,5,Republican,"House: 2015-Present"
"Representative Adams, Alma S.",https://www.congress.gov/member/alma-adams/A000370,"North Carolina",12,Democratic,"House: 2014-Present"
"Representative Aderholt, Robert B.",https://www.congress.gov/member/robert-aderholt/A000055,Alabama,4,Republican,"House: 1997-Present"
"Representative Aguilar, Pete",https://www.congress.gov/member/pete-aguilar/A000371,California,31,Democratic,"House: 2015-Present"
"Representative Allen, Rick W.",https://www.congress.gov/member/rick-allen/A000372,Georgia,12,Republican,"House: 2015-Present"
"Representative Allred, Colin Z.",https://www.congress.gov/member/colin-allred/A000376,Texas,32,Democratic,"House: 2019-Present"
"Representative Amash, Justin",https://www.congress.gov/member/justin-amash/A000367,Michigan,3,Independent,"House: 2011-Present"
"Representative Amodei, Mark E.",https://www.congress.gov/member/mark-amodei/A000369,Nevada,2,Republican,"House: 2011-Present"
"Representative Armstrong, Kelly",https://www.congress.gov/member/kelly-armstrong/A000377,"North Dakota",,Republican,"House: 2019-Present"
"Representative Arrington, Jodey C.",https://www.congress.gov/member/jodey-arrington/A000375,Texas,19,Republican,"House: 2017-Present"
"Representative Axne, Cynthia",https://www.congress.gov/member/cynthia-axne/A000378,Iowa,3,Democratic,"House: 2019-Present"
"Representative Babin, Brian",https://www.congress.gov/member/brian-babin/B001291,Texas,36,Republican,"House: 2015-Present"
"Representative Bacon, Don",https://www.congress.gov/member/don-bacon/B001298,Nebraska,2,Republican,"House: 2017-Present"
"Representative Baird, James R.",https://www.congress.gov/member/james-baird/B001307,Indiana,4,Republican,"House: 2019-Present"
"Representative Balderson, Troy",https://www.congress.gov/member/troy-balderson/B001306,Ohio,12,Republican,"House: 2018-Present"
"Representative Banks, Jim",https://www.congress.gov/member/jim-banks/B001299,Indiana,3,Republican,"House: 2017-Present"
"Representative Barr, Andy",https://www.congress.gov/member/andy-barr/B001282,Kentucky,6,Republican,"House: 2013-Present"
"Representative Barragan, Nanette Diaz",https://www.congress.gov/member/nanette-barragan/B001300,California,44,Democratic,"House: 2017-Present"
"Representative Bass, Karen",https://www.congress.gov/member/karen-bass/B001270,California,37,Democratic,"House: 2011-Present"
"Representative Beatty, Joyce",https://www.congress.gov/member/joyce-beatty/B001281,Ohio,3,Democratic,"House: 2013-Present"
"Representative Bera, Ami",https://www.congress.gov/member/ami-bera/B001287,California,7,Democratic,"House: 2013-Present"
"Representative Bergman, Jack",https://www.congress.gov/member/jack-bergman/B001301,Michigan,1,Republican,"House: 2017-Present"
"Representative Beyer, Donald S., Jr.",https://www.congress.gov/member/donald-beyer/B001292,Virginia,8,Democratic,"House: 2015-Present"
"Representative Biggs, Andy",https://www.congress.gov/member/andy-biggs/B001302,Arizona,5,Republican,"House: 2017-Present"
"Representative Bilirakis, Gus M.",https://www.congress.gov/member/gus-bilirakis/B001257,Florida,12,Republican,"House: 2007-Present"
"Representative Bishop, Dan",https://www.congress.gov/member/dan-bishop/B001311,"North Carolina",9,Republican,"House: 2019-Present"
"Representative Bishop, Rob",https://www.congress.gov/member/rob-bishop/B001250,Utah,1,Republican,"House: 2003-Present"
"Representative Bishop, Sanford D., Jr.",https://www.congress.gov/member/sanford-bishop/B000490,Georgia,2,Democratic,"House: 1993-Present"
"Representative Blumenauer, Earl",https://www.congress.gov/member/earl-blumenauer/B000574,Oregon,3,Democratic,"House: 1995-Present"
"Representative Blunt Rochester, Lisa",https://www.congress.gov/member/lisa-blunt-rochester/B001303,Delaware,,Democratic,"House: 2017-Present"
"Representative Bonamici, Suzanne",https://www.congress.gov/member/suzanne-bonamici/B001278,Oregon,1,Democratic,"House: 2012-Present"
"Representative Bost, Mike",https://www.congress.gov/member/mike-bost/B001295,Illinois,12,Republican,"House: 2015-Present"
"Representative Boyle, Brendan F.",https://www.congress.gov/member/brendan-boyle/B001296,Pennsylvania,2,Democratic,"House: 2015-Present"
"Representative Brady, Kevin",https://www.congress.gov/member/kevin-brady/B000755,Texas,8,Republican,"House: 1997-Present"
"Representative Brindisi, Anthony",https://www.congress.gov/member/anthony-brindisi/B001308,"New York",22,Democratic,"House: 2019-Present"
"Representative Brooks, Mo",https://www.congress.gov/member/mo-brooks/B001274,Alabama,5,Republican,"House: 2011-Present"
"Representative Brooks, Susan W.",https://www.congress.gov/member/susan-brooks/B001284,Indiana,5,Republican,"House: 2013-Present"
"Representative Brown, Anthony G.",https://www.congress.gov/member/anthony-brown/B001304,Maryland,4,Democratic,"House: 2017-Present"
"Representative Brownley, Julia",https://www.congress.gov/member/julia-brownley/B001285,California,26,Democratic,"House: 2013-Present"
"Representative Buchanan, Vern",https://www.congress.gov/member/vern-buchanan/B001260,Florida,16,Republican,"House: 2007-Present"
"Representative Buck, Ken",https://www.congress.gov/member/ken-buck/B001297,Colorado,4,Republican,"House: 2015-Present"
"Representative Bucshon, Larry",https://www.congress.gov/member/larry-bucshon/B001275,Indiana,8,Republican,"House: 2011-Present"
"Representative Budd, Ted",https://www.congress.gov/member/ted-budd/B001305,"North Carolina",13,Republican,"House: 2017-Present"
"Representative Burchett, Tim",https://www.congress.gov/member/tim-burchett/B001309,Tennessee,2,Republican,"House: 2019-Present"
"Representative Burgess, Michael C.",https://www.congress.gov/member/michael-burgess/B001248,Texas,26,Republican,"House: 2003-Present"
"Representative Bustos, Cheri",https://www.congress.gov/member/cheri-bustos/B001286,Illinois,17,Democratic,"House: 2013-Present"
"Representative Butterfield, G. K.",https://www.congress.gov/member/g-k-butterfield/B001251,"North Carolina",1,Democratic,"House: 2004-Present"
"Representative Byrne, Bradley",https://www.congress.gov/member/bradley-byrne/B001289,Alabama,1,Republican,"House: 2014-Present"
"Representative Calvert, Ken",https://www.congress.gov/member/ken-calvert/C000059,California,42,Republican,"House: 1993-Present"
"Representative Carbajal, Salud O.",https://www.congress.gov/member/salud-carbajal/C001112,California,24,Democratic,"House: 2017-Present"
"Representative Cardenas, Tony",https://www.congress.gov/member/tony-cardenas/C001097,California,29,Democratic,"House: 2013-Present"
"Representative Carson, Andre",https://www.congress.gov/member/andre-carson/C001072,Indiana,7,Democratic,"House: 2008-Present"
"Representative Carter, Earl L. ""Buddy""",https://www.congress.gov/member/earl-carter/C001103,Georgia,1,Republican,"House: 2015-Present"
"Representative Carter, John R.",https://www.congress.gov/member/john-carter/C001051,Texas,31,Republican,"House: 2003-Present"
"Representative Cartwright, Matt",https://www.congress.gov/member/matt-cartwright/C001090,Pennsylvania,8,Democratic,"House: 2013-Present"
"Representative Case, Ed",https://www.congress.gov/member/ed-case/C001055,Hawaii,1,Democratic,"House: 2002-2007, 2019-Present"
"Representative Casten, Sean",https://www.congress.gov/member/sean-casten/C001117,Illinois,6,Democratic,"House: 2019-Present"
"Representative Castor, Kathy",https://www.congress.gov/member/kathy-castor/C001066,Florida,14,Democratic,"House: 2007-Present"
"Representative Castro, Joaquin",https://www.congress.gov/member/joaquin-castro/C001091,Texas,20,Democratic,"House: 2013-Present"
"Representative Chabot, Steve",https://www.congress.gov/member/steve-chabot/C000266,Ohio,1,Republican,"House: 1995-2009, 2011-Present"
"Representative Cheney, Liz",https://www.congress.gov/member/liz-cheney/C001109,Wyoming,,Republican,"House: 2017-Present"
"Representative Chu, Judy",https://www.congress.gov/member/judy-chu/C001080,California,27,Democratic,"House: 2009-Present"
"Representative Cicilline, David N.",https://www.congress.gov/member/david-cicilline/C001084,"Rhode Island",1,Democratic,"House: 2011-Present"
"Representative Cisneros, Gilbert Ray, Jr.",https://www.congress.gov/member/gilbert-cisneros/C001123,California,39,Democratic,"House: 2019-Present"
"Representative Clark, Katherine M.",https://www.congress.gov/member/katherine-clark/C001101,Massachusetts,5,Democratic,"House: 2013-Present"
"Representative Clarke, Yvette D.",https://www.congress.gov/member/yvette-clarke/C001067,"New York",9,Democratic,"House: 2007-Present"
"Representative Clay, Wm. Lacy",https://www.congress.gov/member/wm-clay/C001049,Missouri,1,Democratic,"House: 2001-Present"
"Representative Cleaver, Emanuel",https://www.congress.gov/member/emanuel-cleaver/C001061,Missouri,5,Democratic,"House: 2005-Present"
"Representative Cline, Ben",https://www.congress.gov/member/ben-cline/C001118,Virginia,6,Republican,"House: 2019-Present"
"Representative Cloud, Michael",https://www.congress.gov/member/michael-cloud/C001115,Texas,27,Republican,"House: 2018-Present"
"Representative Clyburn, James E.",https://www.congress.gov/member/james-clyburn/C000537,"South Carolina",6,Democratic,"House: 1993-Present"
"Representative Cohen, Steve",https://www.congress.gov/member/steve-cohen/C001068,Tennessee,9,Democratic,"House: 2007-Present"
"Representative Cole, Tom",https://www.congress.gov/member/tom-cole/C001053,Oklahoma,4,Republican,"House: 2003-Present"
"Representative Collins, Chris",https://www.congress.gov/member/chris-collins/C001092,"New York",27,Republican,"House: 2013-2019"
"Representative Collins, Doug",https://www.congress.gov/member/doug-collins/C001093,Georgia,9,Republican,"House: 2013-Present"
"Representative Comer, James",https://www.congress.gov/member/james-comer/C001108,Kentucky,1,Republican,"House: 2016-Present"
"Representative Conaway, K. Michael",https://www.congress.gov/member/k-conaway/C001062,Texas,11,Republican,"House: 2005-Present"
"Representative Connolly, Gerald E.",https://www.congress.gov/member/gerald-connolly/C001078,Virginia,11,Democratic,"House: 2009-Present"
"Representative Cook, Paul",https://www.congress.gov/member/paul-cook/C001094,California,8,Republican,"House: 2013-Present"
"Representative Cooper, Jim",https://www.congress.gov/member/james-cooper/C000754,Tennessee,5,Democratic,"House: 1983-1995, 2003-Present"
"Representative Correa, J. Luis",https://www.congress.gov/member/j-correa/C001110,California,46,Democratic,"House: 2017-Present"
"Representative Costa, Jim",https://www.congress.gov/member/jim-costa/C001059,California,16,Democratic,"House: 2005-Present"
"Representative Courtney, Joe",https://www.congress.gov/member/joe-courtney/C001069,Connecticut,2,Democratic,"House: 2007-Present"
"Representative Cox, TJ",https://www.congress.gov/member/tj-cox/C001124,California,21,Democratic,"House: 2019-Present"
"Representative Craig, Angie",https://www.congress.gov/member/angie-craig/C001119,Minnesota,2,Democratic,"House: 2019-Present"
"Representative Crawford, Eric A. ""Rick""",https://www.congress.gov/member/eric-crawford/C001087,Arkansas,1,Republican,"House: 2011-Present"
"Representative Crenshaw, Dan",https://www.congress.gov/member/dan-crenshaw/C001120,Texas,2,Republican,"House: 2019-Present"
"Representative Crist, Charlie",https://www.congress.gov/member/charlie-crist/C001111,Florida,13,Democratic,"House: 2017-Present"
"Representative Crow, Jason",https://www.congress.gov/member/jason-crow/C001121,Colorado,6,Democratic,"House: 2019-Present"
"Representative Cuellar, Henry",https://www.congress.gov/member/henry-cuellar/C001063,Texas,28,Democratic,"House: 2005-Present"
"Representative Cummings, Elijah E.",https://www.congress.gov/member/elijah-cummings/C000984,Maryland,7,Democratic,"House: 1995-2019"
"Representative Cunningham, Joe",https://www.congress.gov/member/joe-cunningham/C001122,"South Carolina",1,Democratic,"House: 2019-Present"
"Representative Curtis, John R.",https://www.congress.gov/member/john-curtis/C001114,Utah,3,Republican,"House: 2017-Present"
"Representative Davids, Sharice",https://www.congress.gov/member/sharice-davids/D000629,Kansas,3,Democratic,"House: 2019-Present"
"Representative Davidson, Warren",https://www.congress.gov/member/warren-davidson/D000626,Ohio,8,Republican,"House: 2016-Present"
"Representative Davis, Danny K.",https://www.congress.gov/member/danny-davis/D000096,Illinois,7,Democratic,"House: 1997-Present"
"Representative Davis, Rodney",https://www.congress.gov/member/rodney-davis/D000619,Illinois,13,Republican,"House: 2013-Present"
"Representative Davis, Susan A.",https://www.congress.gov/member/susan-davis/D000598,California,53,Democratic,"House: 2001-Present"
"Representative Dean, Madeleine",https://www.congress.gov/member/madeleine-dean/D000631,Pennsylvania,4,Democratic,"House: 2019-Present"
"Representative DeFazio, Peter A.",https://www.congress.gov/member/peter-defazio/D000191,Oregon,4,Democratic,"House: 1987-Present"
"Representative DeGette, Diana",https://www.congress.gov/member/diana-degette/D000197,Colorado,1,Democratic,"House: 1997-Present"
"Representative DeLauro, Rosa L.",https://www.congress.gov/member/rosa-delauro/D000216,Connecticut,3,Democratic,"House: 1991-Present"
"Representative DelBene, Suzan K.",https://www.congress.gov/member/suzan-delbene/D000617,Washington,1,Democratic,"House: 2012-Present"
"Representative Delgado, Antonio",https://www.congress.gov/member/antonio-delgado/D000630,"New York",19,Democratic,"House: 2019-Present"
"Representative Demings, Val Butler",https://www.congress.gov/member/val-demings/D000627,Florida,10,Democratic,"House: 2017-Present"
"Representative DeSaulnier, Mark",https://www.congress.gov/member/mark-desaulnier/D000623,California,11,Democratic,"House: 2015-Present"
"Representative DesJarlais, Scott",https://www.congress.gov/member/scott-desjarlais/D000616,Tennessee,4,Republican,"House: 2011-Present"
"Representative Deutch, Theodore E.",https://www.congress.gov/member/theodore-deutch/D000610,Florida,22,Democratic,"House: 2010-Present"
"Representative Diaz-Balart, Mario",https://www.congress.gov/member/mario-diaz-balart/D000600,Florida,25,Republican,"House: 2003-Present"
"Representative Dingell, Debbie",https://www.congress.gov/member/debbie-dingell/D000624,Michigan,12,Democratic,"House: 2015-Present"
"Representative Doggett, Lloyd",https://www.congress.gov/member/lloyd-doggett/D000399,Texas,35,Democratic,"House: 1995-Present"
"Representative Doyle, Michael F.",https://www.congress.gov/member/mike-doyle/D000482,Pennsylvania,18,Democratic,"House: 1995-Present"
"Representative Duffy, Sean P.",https://www.congress.gov/member/sean-duffy/D000614,Wisconsin,7,Republican,"House: 2011-2019"
"Representative Duncan, Jeff",https://www.congress.gov/member/jeff-duncan/D000615,"South Carolina",3,Republican,"House: 2011-Present"
"Representative Dunn, Neal P.",https://www.congress.gov/member/neal-dunn/D000628,Florida,2,Republican,"House: 2017-Present"
"Representative Emmer, Tom",https://www.congress.gov/member/tom-emmer/E000294,Minnesota,6,Republican,"House: 2015-Present"
"Representative Engel, Eliot L.",https://www.congress.gov/member/eliot-engel/E000179,"New York",16,Democratic,"House: 1989-Present"
"Representative Escobar, Veronica",https://www.congress.gov/member/veronica-escobar/E000299,Texas,16,Democratic,"House: 2019-Present"
"Representative Eshoo, Anna G.",https://www.congress.gov/member/anna-eshoo/E000215,California,18,Democratic,"House: 1993-Present"
"Representative Espaillat, Adriano",https://www.congress.gov/member/adriano-espaillat/E000297,"New York",13,Democratic,"House: 2017-Present"
"Representative Estes, Ron",https://www.congress.gov/member/ron-estes/E000298,Kansas,4,Republican,"House: 2017-Present"
"Representative Evans, Dwight",https://www.congress.gov/member/dwight-evans/E000296,Pennsylvania,3,Democratic,"House: 2016-Present"
"Representative Ferguson, A. Drew, IV",https://www.congress.gov/member/a-ferguson/F000465,Georgia,3,Republican,"House: 2017-Present"
"Representative Finkenauer, Abby",https://www.congress.gov/member/abby-finkenauer/F000467,Iowa,1,Democratic,"House: 2019-Present"
"Representative Fitzpatrick, Brian K.",https://www.congress.gov/member/brian-fitzpatrick/F000466,Pennsylvania,1,Republican,"House: 2017-Present"
"Representative Fleischmann, Charles J. ""Chuck""",https://www.congress.gov/member/charles-fleischmann/F000459,Tennessee,3,Republican,"House: 2011-Present"
"Representative Fletcher, Lizzie",https://www.congress.gov/member/lizzie-fletcher/F000468,Texas,7,Democratic,"House: 2019-Present"
"Representative Flores, Bill",https://www.congress.gov/member/bill-flores/F000461,Texas,17,Republican,"House: 2011-Present"
"Representative Fortenberry, Jeff",https://www.congress.gov/member/jeff-fortenberry/F000449,Nebraska,1,Republican,"House: 2005-Present"
"Representative Foster, Bill",https://www.congress.gov/member/bill-foster/F000454,Illinois,11,Democratic,"House: 2008-2011, 2013-Present"
"Representative Foxx, Virginia",https://www.congress.gov/member/virginia-foxx/F000450,"North Carolina",5,Republican,"House: 2005-Present"
"Representative Frankel, Lois",https://www.congress.gov/member/lois-frankel/F000462,Florida,21,Democratic,"House: 2013-Present"
"Representative Fudge, Marcia L.",https://www.congress.gov/member/marcia-fudge/F000455,Ohio,11,Democratic,"House: 2008-Present"
"Representative Fulcher, Russ",https://www.congress.gov/member/russ-fulcher/F000469,Idaho,1,Republican,"House: 2019-Present"
"Representative Gabbard, Tulsi",https://www.congress.gov/member/tulsi-gabbard/G000571,Hawaii,2,Democratic,"House: 2013-Present"
"Representative Gaetz, Matt",https://www.congress.gov/member/matt-gaetz/G000578,Florida,1,Republican,"House: 2017-Present"
"Representative Gallagher, Mike",https://www.congress.gov/member/mike-gallagher/G000579,Wisconsin,8,Republican,"House: 2017-Present"
"Representative Gallego, Ruben",https://www.congress.gov/member/ruben-gallego/G000574,Arizona,7,Democratic,"House: 2015-Present"
"Representative Garamendi, John",https://www.congress.gov/member/john-garamendi/G000559,California,3,Democratic,"House: 2009-Present"
"Representative Garcia, Jesus G.",https://www.congress.gov/member/jesus-garcia/G000586,Illinois,4,Democratic,"House: 2019-Present"
"Representative Garcia, Sylvia R.",https://www.congress.gov/member/sylvia-garcia/G000587,Texas,29,Democratic,"House: 2019-Present"
"Representative Gianforte, Greg",https://www.congress.gov/member/greg-gianforte/G000584,Montana,,Republican,"House: 2017-Present"
"Representative Gibbs, Bob",https://www.congress.gov/member/bob-gibbs/G000563,Ohio,7,Republican,"House: 2011-Present"
"Representative Gohmert, Louie",https://www.congress.gov/member/louie-gohmert/G000552,Texas,1,Republican,"House: 2005-Present"
"Representative Golden, Jared F.",https://www.congress.gov/member/jared-golden/G000592,Maine,2,Democratic,"House: 2019-Present"
"Representative Gomez, Jimmy",https://www.congress.gov/member/jimmy-gomez/G000585,California,34,Democratic,"House: 2017-Present"
"Representative Gonzalez, Anthony",https://www.congress.gov/member/anthony-gonzalez/G000588,Ohio,16,Republican,"House: 2019-Present"
"Representative Gonzalez, Vicente",https://www.congress.gov/member/vicente-gonzalez/G000581,Texas,15,Democratic,"House: 2017-Present"
"Representative Gonzalez-Colon, Jenniffer",https://www.congress.gov/member/jenniffer-gonzalez-colon/G000582,"Puerto Rico",,Republican,"House: 2017-Present"
"Representative Gooden, Lance",https://www.congress.gov/member/lance-gooden/G000589,Texas,5,Republican,"House: 2019-Present"
"Representative Gosar, Paul A.",https://www.congress.gov/member/paul-gosar/G000565,Arizona,4,Republican,"House: 2011-Present"
"Representative Gottheimer, Josh",https://www.congress.gov/member/josh-gottheimer/G000583,"New Jersey",5,Democratic,"House: 2017-Present"
"Representative Granger, Kay",https://www.congress.gov/member/kay-granger/G000377,Texas,12,Republican,"House: 1997-Present"
"Representative Graves, Garret",https://www.congress.gov/member/garret-graves/G000577,Louisiana,6,Republican,"House: 2015-Present"
"Representative Graves, Sam",https://www.congress.gov/member/sam-graves/G000546,Missouri,6,Republican,"House: 2001-Present"
"Representative Graves, Tom",https://www.congress.gov/member/tom-graves/G000560,Georgia,14,Republican,"House: 2010-Present"
"Representative Green, Al",https://www.congress.gov/member/al-green/G000553,Texas,9,Democratic,"House: 2005-Present"
"Representative Green, Mark E.",https://www.congress.gov/member/mark-green/G000590,Tennessee,7,Republican,"House: 2019-Present"
"Representative Griffith, H. Morgan",https://www.congress.gov/member/h-griffith/G000568,Virginia,9,Republican,"House: 2011-Present"
"Representative Grijalva, Raul M.",https://www.congress.gov/member/raul-grijalva/G000551,Arizona,3,Democratic,"House: 2003-Present"
"Representative Grothman, Glenn",https://www.congress.gov/member/glenn-grothman/G000576,Wisconsin,6,Republican,"House: 2015-Present"
"Representative Guest, Michael",https://www.congress.gov/member/michael-guest/G000591,Mississippi,3,Republican,"House: 2019-Present"
"Representative Guthrie, Brett",https://www.congress.gov/member/brett-guthrie/G000558,Kentucky,2,Republican,"House: 2009-Present"
"Representative Haaland, Debra A.",https://www.congress.gov/member/debra-haaland/H001080,"New Mexico",1,Democratic,"House: 2019-Present"
"Representative Hagedorn, Jim",https://www.congress.gov/member/jim-hagedorn/H001088,Minnesota,1,Republican,"House: 2019-Present"
"Representative Harder, Josh",https://www.congress.gov/member/josh-harder/H001090,California,10,Democratic,"House: 2019-Present"
"Representative Harris, Andy",https://www.congress.gov/member/andy-harris/H001052,Maryland,1,Republican,"House: 2011-Present"
"Representative Hartzler, Vicky",https://www.congress.gov/member/vicky-hartzler/H001053,Missouri,4,Republican,"House: 2011-Present"
"Representative Hastings, Alcee L.",https://www.congress.gov/member/alcee-hastings/H000324,Florida,20,Democratic,"House: 1993-Present"
"Representative Hayes, Jahana",https://www.congress.gov/member/jahana-hayes/H001081,Connecticut,5,Democratic,"House: 2019-Present"
"Representative Heck, Denny",https://www.congress.gov/member/denny-heck/H001064,Washington,10,Democratic,"House: 2013-Present"
"Representative Hern, Kevin",https://www.congress.gov/member/kevin-hern/H001082,Oklahoma,1,Republican,"House: 2018-Present"
"Representative Herrera Beutler, Jaime",https://www.congress.gov/member/jaime-herrera-beutler/H001056,Washington,3,Republican,"House: 2011-Present"
"Representative Hice, Jody B.",https://www.congress.gov/member/jody-hice/H001071,Georgia,10,Republican,"House: 2015-Present"
"Representative Higgins, Brian",https://www.congress.gov/member/brian-higgins/H001038,"New York",26,Democratic,"House: 2005-Present"
"Representative Higgins, Clay",https://www.congress.gov/member/clay-higgins/H001077,Louisiana,3,Republican,"House: 2017-Present"
"Representative Hill, J. French",https://www.congress.gov/member/j-hill/H001072,Arkansas,2,Republican,"House: 2015-Present"
"Representative Hill, Katie",https://www.congress.gov/member/katie-hill/H001087,California,25,Democratic,"House: 2019"
"Representative Himes, James A.",https://www.congress.gov/member/james-himes/H001047,Connecticut,4,Democratic,"House: 2009-Present"
"Representative Holding, George",https://www.congress.gov/member/george-holding/H001065,"North Carolina",2,Republican,"House: 2013-Present"
"Representative Hollingsworth, Trey",https://www.congress.gov/member/trey-hollingsworth/H001074,Indiana,9,Republican,"House: 2017-Present"
"Representative Horn, Kendra S.",https://www.congress.gov/member/kendra-horn/H001083,Oklahoma,5,Democratic,"House: 2019-Present"
"Representative Horsford, Steven",https://www.congress.gov/member/steven-horsford/H001066,Nevada,4,Democratic,"House: 2013-2015, 2019-Present"
"Representative Houlahan, Chrissy",https://www.congress.gov/member/chrissy-houlahan/H001085,Pennsylvania,6,Democratic,"House: 2019-Present"
"Representative Hoyer, Steny H.",https://www.congress.gov/member/steny-hoyer/H000874,Maryland,5,Democratic,"House: 1981-Present"
"Representative Hudson, Richard",https://www.congress.gov/member/richard-hudson/H001067,"North Carolina",8,Republican,"House: 2013-Present"
"Representative Huffman, Jared",https://www.congress.gov/member/jared-huffman/H001068,California,2,Democratic,"House: 2013-Present"
"Representative Huizenga, Bill",https://www.congress.gov/member/bill-huizenga/H001058,Michigan,2,Republican,"House: 2011-Present"
"Representative Hunter, Duncan D.",https://www.congress.gov/member/duncan-hunter/H001048,California,50,Republican,"House: 2009-2020"
"Representative Hurd, Will",https://www.congress.gov/member/will-hurd/H001073,Texas,23,Republican,"House: 2015-Present"
"Representative Jackson Lee, Sheila",https://www.congress.gov/member/sheila-jackson-lee/J000032,Texas,18,Democratic,"House: 1995-Present"
"Representative Jayapal, Pramila",https://www.congress.gov/member/pramila-jayapal/J000298,Washington,7,Democratic,"House: 2017-Present"
"Representative Jeffries, Hakeem S.",https://www.congress.gov/member/hakeem-jeffries/J000294,"New York",8,Democratic,"House: 2013-Present"
"Representative Johnson, Bill",https://www.congress.gov/member/bill-johnson/J000292,Ohio,6,Republican,"House: 2011-Present"
"Representative Johnson, Dusty",https://www.congress.gov/member/dusty-johnson/J000301,"South Dakota",,Republican,"House: 2019-Present"
"Representative Johnson, Eddie Bernice",https://www.congress.gov/member/eddie-johnson/J000126,Texas,30,Democratic,"House: 1993-Present"
"Representative Johnson, Henry C. ""Hank,"" Jr.",https://www.congress.gov/member/henry-johnson/J000288,Georgia,4,Democratic,"House: 2007-Present"
"Representative Johnson, Mike",https://www.congress.gov/member/mike-johnson/J000299,Louisiana,4,Republican,"House: 2017-Present"
"Representative Jones, Walter B., Jr.",https://www.congress.gov/member/walter-jones/J000255,"North Carolina",3,Republican,"House: 1995-2019"
"Representative Jordan, Jim",https://www.congress.gov/member/jim-jordan/J000289,Ohio,4,Republican,"House: 2007-Present"
"Representative Joyce, David P.",https://www.congress.gov/member/david-joyce/J000295,Ohio,14,Republican,"House: 2013-Present"
"Representative Joyce, John",https://www.congress.gov/member/john-joyce/J000302,Pennsylvania,13,Republican,"House: 2019-Present"
"Representative Kaptur, Marcy",https://www.congress.gov/member/marcy-kaptur/K000009,Ohio,9,Democratic,"House: 1983-Present"
"Representative Katko, John",https://www.congress.gov/member/john-katko/K000386,"New York",24,Republican,"House: 2015-Present"
"Representative Keating, William R.",https://www.congress.gov/member/william-keating/K000375,Massachusetts,9,Democratic,"House: 2011-Present"
"Representative Keller, Fred",https://www.congress.gov/member/fred-keller/K000395,Pennsylvania,12,Republican,"House: 2019-Present"
"Representative Kelly, Mike",https://www.congress.gov/member/mike-kelly/K000376,Pennsylvania,16,Republican,"House: 2011-Present"
"Representative Kelly, Robin L.",https://www.congress.gov/member/robin-kelly/K000385,Illinois,2,Democratic,"House: 2013-Present"
"Representative Kelly, Trent",https://www.congress.gov/member/trent-kelly/K000388,Mississippi,1,Republican,"House: 2015-Present"
"Representative Kennedy, Joseph P., III",https://www.congress.gov/member/joseph-kennedy/K000379,Massachusetts,4,Democratic,"House: 2013-Present"
"Representative Khanna, Ro",https://www.congress.gov/member/ro-khanna/K000389,California,17,Democratic,"House: 2017-Present"
"Representative Kildee, Daniel T.",https://www.congress.gov/member/daniel-kildee/K000380,Michigan,5,Democratic,"House: 2013-Present"
"Representative Kilmer, Derek",https://www.congress.gov/member/derek-kilmer/K000381,Washington,6,Democratic,"House: 2013-Present"
"Representative Kim, Andy",https://www.congress.gov/member/andy-kim/K000394,"New Jersey",3,Democratic,"House: 2019-Present"
"Representative Kind, Ron",https://www.congress.gov/member/ron-kind/K000188,Wisconsin,3,Democratic,"House: 1997-Present"
"Representative King, Peter T.",https://www.congress.gov/member/peter-king/K000210,"New York",2,Republican,"House: 1993-Present"
"Representative King, Steve",https://www.congress.gov/member/steve-king/K000362,Iowa,4,Republican,"House: 2003-Present"
"Representative Kinzinger, Adam",https://www.congress.gov/member/adam-kinzinger/K000378,Illinois,16,Republican,"House: 2011-Present"
"Representative Kirkpatrick, Ann",https://www.congress.gov/member/ann-kirkpatrick/K000368,Arizona,2,Democratic,"House: 2009-2011, 2013-2017, 2019-Present"
"Representative Krishnamoorthi, Raja",https://www.congress.gov/member/raja-krishnamoorthi/K000391,Illinois,8,Democratic,"House: 2017-Present"
"Representative Kuster, Ann M.",https://www.congress.gov/member/ann-kuster/K000382,"New Hampshire",2,Democratic,"House: 2013-Present"
"Representative Kustoff, David",https://www.congress.gov/member/david-kustoff/K000392,Tennessee,8,Republican,"House: 2017-Present"
"Representative LaHood, Darin",https://www.congress.gov/member/darin-lahood/L000585,Illinois,18,Republican,"House: 2015-Present"
"Representative LaMalfa, Doug",https://www.congress.gov/member/doug-lamalfa/L000578,California,1,Republican,"House: 2013-Present"
"Representative Lamb, Conor",https://www.congress.gov/member/conor-lamb/L000588,Pennsylvania,17,Democratic,"House: 2018-Present"
"Representative Lamborn, Doug",https://www.congress.gov/member/doug-lamborn/L000564,Colorado,5,Republican,"House: 2007-Present"
"Representative Langevin, James R.",https://www.congress.gov/member/james-langevin/L000559,"Rhode Island",2,Democratic,"House: 2001-Present"
"Representative Larsen, Rick",https://www.congress.gov/member/rick-larsen/L000560,Washington,2,Democratic,"House: 2001-Present"
"Representative Larson, John B.",https://www.congress.gov/member/john-larson/L000557,Connecticut,1,Democratic,"House: 1999-Present"
"Representative Latta, Robert E.",https://www.congress.gov/member/robert-latta/L000566,Ohio,5,Republican,"House: 2007-Present"
"Representative Lawrence, Brenda L.",https://www.congress.gov/member/brenda-lawrence/L000581,Michigan,14,Democratic,"House: 2015-Present"
"Representative Lawson, Al, Jr.",https://www.congress.gov/member/al-lawson/L000586,Florida,5,Democratic,"House: 2017-Present"
"Representative Lee, Barbara",https://www.congress.gov/member/barbara-lee/L000551,California,13,Democratic,"House: 1997-Present"
"Representative Lee, Susie",https://www.congress.gov/member/susie-lee/L000590,Nevada,3,Democratic,"House: 2019-Present"
"Representative Lesko, Debbie",https://www.congress.gov/member/debbie-lesko/L000589,Arizona,8,Republican,"House: 2018-Present"
"Representative Levin, Andy",https://www.congress.gov/member/andy-levin/L000592,Michigan,9,Democratic,"House: 2019-Present"
"Representative Levin, Mike",https://www.congress.gov/member/mike-levin/L000593,California,49,Democratic,"House: 2019-Present"
"Representative Lewis, John",https://www.congress.gov/member/john-lewis/L000287,Georgia,5,Democratic,"House: 1987-Present"
"Representative Lieu, Ted",https://www.congress.gov/member/ted-lieu/L000582,California,33,Democratic,"House: 2015-Present"
"Representative Lipinski, Daniel",https://www.congress.gov/member/daniel-lipinski/L000563,Illinois,3,Democratic,"House: 2005-Present"
"Representative Loebsack, David",https://www.congress.gov/member/david-loebsack/L000565,Iowa,2,Democratic,"House: 2007-Present"
"Representative Lofgren, Zoe",https://www.congress.gov/member/zoe-lofgren/L000397,California,19,Democratic,"House: 1995-Present"
"Representative Long, Billy",https://www.congress.gov/member/billy-long/L000576,Missouri,7,Republican,"House: 2011-Present"
"Representative Loudermilk, Barry",https://www.congress.gov/member/barry-loudermilk/L000583,Georgia,11,Republican,"House: 2015-Present"
"Representative Lowenthal, Alan S.",https://www.congress.gov/member/alan-lowenthal/L000579,California,47,Democratic,"House: 2013-Present"
"Representative Lowey, Nita M.",https://www.congress.gov/member/nita-lowey/L000480,"New York",17,Democratic,"House: 1989-Present"
"Representative Lucas, Frank D.",https://www.congress.gov/member/frank-lucas/L000491,Oklahoma,3,Republican,"House: 1993-Present"
"Representative Luetkemeyer, Blaine",https://www.congress.gov/member/blaine-luetkemeyer/L000569,Missouri,3,Republican,"House: 2009-Present"
"Representative Lujan, Ben Ray",https://www.congress.gov/member/ben-lujan/L000570,"New Mexico",3,Democratic,"House: 2009-Present"
"Representative Luria, Elaine G.",https://www.congress.gov/member/elaine-luria/L000591,Virginia,2,Democratic,"House: 2019-Present"
"Representative Lynch, Stephen F.",https://www.congress.gov/member/stephen-lynch/L000562,Massachusetts,8,Democratic,"House: 2001-Present"
"Representative Malinowski, Tom",https://www.congress.gov/member/tom-malinowski/M001203,"New Jersey",7,Democratic,"House: 2019-Present"
"Representative Maloney, Carolyn B.",https://www.congress.gov/member/carolyn-maloney/M000087,"New York",12,Democratic,"House: 1993-Present"
"Representative Maloney, Sean Patrick",https://www.congress.gov/member/sean-maloney/M001185,"New York",18,Democratic,"House: 2013-Present"
"Representative Marchant, Kenny",https://www.congress.gov/member/kenny-marchant/M001158,Texas,24,Republican,"House: 2005-Present"
"Representative Marino, Tom",https://www.congress.gov/member/tom-marino/M001179,Pennsylvania,12,Republican,"House: 2011-2019"
"Representative Marshall, Roger W.",https://www.congress.gov/member/roger-marshall/M001198,Kansas,1,Republican,"House: 2017-Present"
"Representative Massie, Thomas",https://www.congress.gov/member/thomas-massie/M001184,Kentucky,4,Republican,"House: 2012-Present"
"Representative Mast, Brian J.",https://www.congress.gov/member/brian-mast/M001199,Florida,18,Republican,"House: 2017-Present"
"Representative Matsui, Doris O.",https://www.congress.gov/member/doris-matsui/M001163,California,6,Democratic,"House: 2005-Present"
"Representative McAdams, Ben",https://www.congress.gov/member/ben-mcadams/M001209,Utah,4,Democratic,"House: 2019-Present"
"Representative McBath, Lucy",https://www.congress.gov/member/lucy-mcbath/M001208,Georgia,6,Democratic,"House: 2019-Present"
"Representative McCarthy, Kevin",https://www.congress.gov/member/kevin-mccarthy/M001165,California,23,Republican,"House: 2007-Present"
"Representative McCaul, Michael T.",https://www.congress.gov/member/michael-mccaul/M001157,Texas,10,Republican,"House: 2005-Present"
"Representative McClintock, Tom",https://www.congress.gov/member/tom-mcclintock/M001177,California,4,Republican,"House: 2009-Present"
"Representative McCollum, Betty",https://www.congress.gov/member/betty-mccollum/M001143,Minnesota,4,Democratic,"House: 2001-Present"
"Representative McEachin, A. Donald",https://www.congress.gov/member/a-mceachin/M001200,Virginia,4,Democratic,"House: 2017-Present"
"Representative McGovern, James P.",https://www.congress.gov/member/james-mcgovern/M000312,Massachusetts,2,Democratic,"House: 1997-Present"
"Representative McHenry, Patrick T.",https://www.congress.gov/member/patrick-mchenry/M001156,"North Carolina",10,Republican,"House: 2005-Present"
"Representative McKinley, David B.",https://www.congress.gov/member/david-mckinley/M001180,"West Virginia",1,Republican,"House: 2011-Present"
"Representative McMorris Rodgers, Cathy",https://www.congress.gov/member/cathy-rodgers/M001159,Washington,5,Republican,"House: 2005-Present"
"Representative McNerney, Jerry",https://www.congress.gov/member/jerry-mcnerney/M001166,California,9,Democratic,"House: 2007-Present"
"Representative Meadows, Mark",https://www.congress.gov/member/mark-meadows/M001187,"North Carolina",11,Republican,"House: 2013-Present"
"Representative Meeks, Gregory W.",https://www.congress.gov/member/gregory-meeks/M001137,"New York",5,Democratic,"House: 1997-Present"
"Representative Meng, Grace",https://www.congress.gov/member/grace-meng/M001188,"New York",6,Democratic,"House: 2013-Present"
"Representative Meuser, Daniel",https://www.congress.gov/member/daniel-meuser/M001204,Pennsylvania,9,Republican,"House: 2019-Present"
"Representative Miller, Carol D.",https://www.congress.gov/member/carol-miller/M001205,"West Virginia",3,Republican,"House: 2019-Present"
"Representative Mitchell, Paul",https://www.congress.gov/member/paul-mitchell/M001201,Michigan,10,Republican,"House: 2017-Present"
"Representative Moolenaar, John R.",https://www.congress.gov/member/john-moolenaar/M001194,Michigan,4,Republican,"House: 2015-Present"
"Representative Mooney, Alexander X.",https://www.congress.gov/member/alexander-mooney/M001195,"West Virginia",2,Republican,"House: 2015-Present"
"Representative Moore, Gwen",https://www.congress.gov/member/gwen-moore/M001160,Wisconsin,4,Democratic,"House: 2005-Present"
"Representative Morelle, Joseph D.",https://www.congress.gov/member/joseph-morelle/M001206,"New York",25,Democratic,"House: 2018-Present"
"Representative Moulton, Seth",https://www.congress.gov/member/seth-moulton/M001196,Massachusetts,6,Democratic,"House: 2015-Present"
"Representative Mucarsel-Powell, Debbie",https://www.congress.gov/member/debbie-mucarsel-powell/M001207,Florida,26,Democratic,"House: 2019-Present"
"Representative Mullin, Markwayne",https://www.congress.gov/member/markwayne-mullin/M001190,Oklahoma,2,Republican,"House: 2013-Present"
"Representative Murphy, Gregory",https://www.congress.gov/member/gregory-murphy/M001210,"North Carolina",3,Republican,"House: 2019-Present"
"Representative Murphy, Stephanie N.",https://www.congress.gov/member/stephanie-murphy/M001202,Florida,7,Democratic,"House: 2017-Present"
"Representative Nadler, Jerrold",https://www.congress.gov/member/jerrold-nadler/N000002,"New York",10,Democratic,"House: 1991-Present"
"Representative Napolitano, Grace F.",https://www.congress.gov/member/grace-napolitano/N000179,California,32,Democratic,"House: 1999-Present"
"Representative Neal, Richard E.",https://www.congress.gov/member/richard-neal/N000015,Massachusetts,1,Democratic,"House: 1989-Present"
"Representative Neguse, Joe",https://www.congress.gov/member/joe-neguse/N000191,Colorado,2,Democratic,"House: 2019-Present"
"Representative Newhouse, Dan",https://www.congress.gov/member/dan-newhouse/N000189,Washington,4,Republican,"House: 2015-Present"
"Representative Norcross, Donald",https://www.congress.gov/member/donald-norcross/N000188,"New Jersey",1,Democratic,"House: 2014-Present"
"Representative Norman, Ralph",https://www.congress.gov/member/ralph-norman/N000190,"South Carolina",5,Republican,"House: 2017-Present"
"Representative Norton, Eleanor Holmes",https://www.congress.gov/member/eleanor-norton/N000147,"District of Columbia",,Democratic,"House: 1991-Present"
"Representative Nunes, Devin",https://www.congress.gov/member/devin-nunes/N000181,California,22,Republican,"House: 2003-Present"
"Representative O'Halleran, Tom",https://www.congress.gov/member/tom-o-halleran/O000171,Arizona,1,Democratic,"House: 2017-Present"
"Representative Ocasio-Cortez, Alexandria",https://www.congress.gov/member/alexandria-ocasio-cortez/O000172,"New York",14,Democratic,"House: 2019-Present"
"Representative Olson, Pete",https://www.congress.gov/member/pete-olson/O000168,Texas,22,Republican,"House: 2009-Present"
"Representative Omar, Ilhan",https://www.congress.gov/member/ilhan-omar/O000173,Minnesota,5,Democratic,"House: 2019-Present"
"Representative Palazzo, Steven M.",https://www.congress.gov/member/steven-palazzo/P000601,Mississippi,4,Republican,"House: 2011-Present"
"Representative Pallone, Frank, Jr.",https://www.congress.gov/member/frank-pallone/P000034,"New Jersey",6,Democratic,"House: 1987-Present"
"Representative Palmer, Gary J.",https://www.congress.gov/member/gary-palmer/P000609,Alabama,6,Republican,"House: 2015-Present"
"Representative Panetta, Jimmy",https://www.congress.gov/member/jimmy-panetta/P000613,California,20,Democratic,"House: 2017-Present"
"Representative Pappas, Chris",https://www.congress.gov/member/chris-pappas/P000614,"New Hampshire",1,Democratic,"House: 2019-Present"
"Representative Pascrell, Bill, Jr.",https://www.congress.gov/member/william-pascrell/P000096,"New Jersey",9,Democratic,"House: 1997-Present"
"Representative Payne, Donald M., Jr.",https://www.congress.gov/member/donald-payne/P000604,"New Jersey",10,Democratic,"House: 2012-Present"
"Representative Pelosi, Nancy",https://www.congress.gov/member/nancy-pelosi/P000197,California,12,Democratic,"House: 1987-Present"
"Representative Pence, Greg",https://www.congress.gov/member/greg-pence/P000615,Indiana,6,Republican,"House: 2019-Present"
"Representative Perlmutter, Ed",https://www.congress.gov/member/ed-perlmutter/P000593,Colorado,7,Democratic,"House: 2007-Present"
"Representative Perry, Scott",https://www.congress.gov/member/scott-perry/P000605,Pennsylvania,10,Republican,"House: 2013-Present"
"Representative Peters, Scott H.",https://www.congress.gov/member/scott-peters/P000608,California,52,Democratic,"House: 2013-Present"
"Representative Peterson, Collin C.",https://www.congress.gov/member/collin-peterson/P000258,Minnesota,7,Democratic,"House: 1991-Present"
"Representative Phillips, Dean",https://www.congress.gov/member/dean-phillips/P000616,Minnesota,3,Democratic,"House: 2019-Present"
"Representative Pingree, Chellie",https://www.congress.gov/member/chellie-pingree/P000597,Maine,1,Democratic,"House: 2009-Present"
"Representative Plaskett, Stacey E.",https://www.congress.gov/member/stacey-plaskett/P000610,"Virgin Islands",,Democratic,"House: 2015-Present"
"Representative Pocan, Mark",https://www.congress.gov/member/mark-pocan/P000607,Wisconsin,2,Democratic,"House: 2013-Present"
"Representative Porter, Katie",https://www.congress.gov/member/katie-porter/P000618,California,45,Democratic,"House: 2019-Present"
"Representative Posey, Bill",https://www.congress.gov/member/bill-posey/P000599,Florida,8,Republican,"House: 2009-Present"
"Representative Pressley, Ayanna",https://www.congress.gov/member/ayanna-pressley/P000617,Massachusetts,7,Democratic,"House: 2019-Present"
"Representative Price, David E.",https://www.congress.gov/member/david-price/P000523,"North Carolina",4,Democratic,"House: 1987-1995, 1997-Present"
"Representative Quigley, Mike",https://www.congress.gov/member/mike-quigley/Q000023,Illinois,5,Democratic,"House: 2009-Present"
"Representative Radewagen, Aumua Amata Coleman",https://www.congress.gov/member/aumua-amata-radewagen/R000600,"American Samoa",,Republican,"House: 2015-Present"
"Representative Raskin, Jamie",https://www.congress.gov/member/jamie-raskin/R000606,Maryland,8,Democratic,"House: 2017-Present"
"Representative Ratcliffe, John",https://www.congress.gov/member/john-ratcliffe/R000601,Texas,4,Republican,"House: 2015-Present"
"Representative Reed, Tom",https://www.congress.gov/member/tom-reed/R000585,"New York",23,Republican,"House: 2010-Present"
"Representative Reschenthaler, Guy",https://www.congress.gov/member/guy-reschenthaler/R000610,Pennsylvania,14,Republican,"House: 2019-Present"
"Representative Rice, Kathleen M.",https://www.congress.gov/member/kathleen-rice/R000602,"New York",4,Democratic,"House: 2015-Present"
"Representative Rice, Tom",https://www.congress.gov/member/tom-rice/R000597,"South Carolina",7,Republican,"House: 2013-Present"
"Representative Richmond, Cedric L.",https://www.congress.gov/member/cedric-richmond/R000588,Louisiana,2,Democratic,"House: 2011-Present"
"Representative Riggleman, Denver",https://www.congress.gov/member/denver-riggleman/R000611,Virginia,5,Republican,"House: 2019-Present"
"Representative Roby, Martha",https://www.congress.gov/member/martha-roby/R000591,Alabama,2,Republican,"House: 2011-Present"
"Representative Roe, David P.",https://www.congress.gov/member/david-roe/R000582,Tennessee,1,Republican,"House: 2009-Present"
"Representative Rogers, Harold",https://www.congress.gov/member/harold-rogers/R000395,Kentucky,5,Republican,"House: 1981-Present"
"Representative Rogers, Mike D.",https://www.congress.gov/member/mike-rogers/R000575,Alabama,3,Republican,"House: 2003-Present"
"Representative Rooney, Francis",https://www.congress.gov/member/francis-rooney/R000607,Florida,19,Republican,"House: 2017-Present"
"Representative Rose, John W.",https://www.congress.gov/member/john-rose/R000612,Tennessee,6,Republican,"House: 2019-Present"
"Representative Rose, Max",https://www.congress.gov/member/max-rose/R000613,"New York",11,Democratic,"House: 2019-Present"
"Representative Rouda, Harley",https://www.congress.gov/member/harley-rouda/R000616,California,48,Democratic,"House: 2019-Present"
"Representative Rouzer, David",https://www.congress.gov/member/david-rouzer/R000603,"North Carolina",7,Republican,"House: 2015-Present"
"Representative Roy, Chip",https://www.congress.gov/member/chip-roy/R000614,Texas,21,Republican,"House: 2019-Present"
"Representative Roybal-Allard, Lucille",https://www.congress.gov/member/lucille-roybal-allard/R000486,California,40,Democratic,"House: 1993-Present"
"Representative Ruiz, Raul",https://www.congress.gov/member/raul-ruiz/R000599,California,36,Democratic,"House: 2013-Present"
"Representative Ruppersberger, C. A. Dutch",https://www.congress.gov/member/c-a-ruppersberger/R000576,Maryland,2,Democratic,"House: 2003-Present"
"Representative Rush, Bobby L.",https://www.congress.gov/member/bobby-rush/R000515,Illinois,1,Democratic,"House: 1993-Present"
"Representative Rutherford, John H.",https://www.congress.gov/member/john-rutherford/R000609,Florida,4,Republican,"House: 2017-Present"
"Representative Ryan, Tim",https://www.congress.gov/member/tim-ryan/R000577,Ohio,13,Democratic,"House: 2003-Present"
"Representative Sablan, Gregorio Kilili Camacho",https://www.congress.gov/member/gregorio-sablan/S001177,"Northern Mariana Islands",,Democratic,"House: 2009-Present"
"Representative San Nicolas, Michael F. Q.",https://www.congress.gov/member/michael-san-nicolas/S001204,Guam,,Democratic,"House: 2019-Present"
"Representative Sanchez, Linda T.",https://www.congress.gov/member/linda-sanchez/S001156,California,38,Democratic,"House: 2003-Present"
"Representative Sarbanes, John P.",https://www.congress.gov/member/john-sarbanes/S001168,Maryland,3,Democratic,"House: 2007-Present"
"Representative Scalise, Steve",https://www.congress.gov/member/steve-scalise/S001176,Louisiana,1,Republican,"House: 2008-Present"
"Representative Scanlon, Mary Gay",https://www.congress.gov/member/mary-scanlon/S001205,Pennsylvania,5,Democratic,"House: 2018-Present"
"Representative Schakowsky, Janice D.",https://www.congress.gov/member/janice-schakowsky/S001145,Illinois,9,Democratic,"House: 1999-Present"
"Representative Schiff, Adam B.",https://www.congress.gov/member/adam-schiff/S001150,California,28,Democratic,"House: 2001-Present"
"Representative Schneider, Bradley Scott",https://www.congress.gov/member/bradley-schneider/S001190,Illinois,10,Democratic,"House: 2013-2015, 2017-Present"
"Representative Schrader, Kurt",https://www.congress.gov/member/kurt-schrader/S001180,Oregon,5,Democratic,"House: 2009-Present"
"Representative Schrier, Kim",https://www.congress.gov/member/kim-schrier/S001216,Washington,8,Democratic,"House: 2019-Present"
"Representative Schweikert, David",https://www.congress.gov/member/david-schweikert/S001183,Arizona,6,Republican,"House: 2011-Present"
"Representative Scott, Austin",https://www.congress.gov/member/austin-scott/S001189,Georgia,8,Republican,"House: 2011-Present"
"Representative Scott, David",https://www.congress.gov/member/david-scott/S001157,Georgia,13,Democratic,"House: 2003-Present"
"Representative Scott, Robert C. ""Bobby""",https://www.congress.gov/member/robert-scott/S000185,Virginia,3,Democratic,"House: 1993-Present"
"Representative Sensenbrenner, F. James, Jr.",https://www.congress.gov/member/f-sensenbrenner/S000244,Wisconsin,5,Republican,"House: 1979-Present"
"Representative Serrano, Jose E.",https://www.congress.gov/member/jose-serrano/S000248,"New York",15,Democratic,"House: 1989-Present"
"Representative Sewell, Terri A.",https://www.congress.gov/member/terri-sewell/S001185,Alabama,7,Democratic,"House: 2011-Present"
"Representative Shalala, Donna E.",https://www.congress.gov/member/donna-shalala/S001206,Florida,27,Democratic,"House: 2019-Present"
"Representative Sherman, Brad",https://www.congress.gov/member/brad-sherman/S000344,California,30,Democratic,"House: 1997-Present"
"Representative Sherrill, Mikie",https://www.congress.gov/member/mikie-sherrill/S001207,"New Jersey",11,Democratic,"House: 2019-Present"
"Representative Shimkus, John",https://www.congress.gov/member/john-shimkus/S000364,Illinois,15,Republican,"House: 1997-Present"
"Representative Simpson, Michael K.",https://www.congress.gov/member/michael-simpson/S001148,Idaho,2,Republican,"House: 1999-Present"
"Representative Sires, Albio",https://www.congress.gov/member/albio-sires/S001165,"New Jersey",8,Democratic,"House: 2005-Present"
"Representative Slotkin, Elissa",https://www.congress.gov/member/elissa-slotkin/S001208,Michigan,8,Democratic,"House: 2019-Present"
"Representative Smith, Adam",https://www.congress.gov/member/adam-smith/S000510,Washington,9,Democratic,"House: 1997-Present"
"Representative Smith, Adrian",https://www.congress.gov/member/adrian-smith/S001172,Nebraska,3,Republican,"House: 2007-Present"
"Representative Smith, Christopher H.",https://www.congress.gov/member/christopher-smith/S000522,"New Jersey",4,Republican,"House: 1981-Present"
"Representative Smith, Jason",https://www.congress.gov/member/jason-smith/S001195,Missouri,8,Republican,"House: 2013-Present"
"Representative Smucker, Lloyd",https://www.congress.gov/member/lloyd-smucker/S001199,Pennsylvania,11,Republican,"House: 2017-Present"
"Representative Soto, Darren",https://www.congress.gov/member/darren-soto/S001200,Florida,9,Democratic,"House: 2017-Present"
"Representative Spanberger, Abigail Davis",https://www.congress.gov/member/abigail-spanberger/S001209,Virginia,7,Democratic,"House: 2019-Present"
"Representative Spano, Ross",https://www.congress.gov/member/ross-spano/S001210,Florida,15,Republican,"House: 2019-Present"
"Representative Speier, Jackie",https://www.congress.gov/member/jackie-speier/S001175,California,14,Democratic,"House: 2008-Present"
"Representative Stanton, Greg",https://www.congress.gov/member/greg-stanton/S001211,Arizona,9,Democratic,"House: 2019-Present"
"Representative Stauber, Pete",https://www.congress.gov/member/pete-stauber/S001212,Minnesota,8,Republican,"House: 2019-Present"
"Representative Stefanik, Elise M.",https://www.congress.gov/member/elise-stefanik/S001196,"New York",21,Republican,"House: 2015-Present"
"Representative Steil, Bryan",https://www.congress.gov/member/bryan-steil/S001213,Wisconsin,1,Republican,"House: 2019-Present"
"Representative Steube, W. Gregory",https://www.congress.gov/member/w-steube/S001214,Florida,17,Republican,"House: 2019-Present"
"Representative Stevens, Haley M.",https://www.congress.gov/member/haley-stevens/S001215,Michigan,11,Democratic,"House: 2019-Present"
"Representative Stewart, Chris",https://www.congress.gov/member/chris-stewart/S001192,Utah,2,Republican,"House: 2013-Present"
"Representative Stivers, Steve",https://www.congress.gov/member/steve-stivers/S001187,Ohio,15,Republican,"House: 2011-Present"
"Representative Suozzi, Thomas R.",https://www.congress.gov/member/thomas-suozzi/S001201,"New York",3,Democratic,"House: 2017-Present"
"Representative Swalwell, Eric",https://www.congress.gov/member/eric-swalwell/S001193,California,15,Democratic,"House: 2013-Present"
"Representative Takano, Mark",https://www.congress.gov/member/mark-takano/T000472,California,41,Democratic,"House: 2013-Present"
"Representative Taylor, Van",https://www.congress.gov/member/van-taylor/T000479,Texas,3,Republican,"House: 2019-Present"
"Representative Thompson, Bennie G.",https://www.congress.gov/member/bennie-thompson/T000193,Mississippi,2,Democratic,"House: 1993-Present"
"Representative Thompson, Glenn",https://www.congress.gov/member/glenn-thompson/T000467,Pennsylvania,15,Republican,"House: 2009-Present"
"Representative Thompson, Mike",https://www.congress.gov/member/mike-thompson/T000460,California,5,Democratic,"House: 1999-Present"
"Representative Thornberry, Mac",https://www.congress.gov/member/william-thornberry/T000238,Texas,13,Republican,"House: 1995-Present"
"Representative Timmons, William R. IV",https://www.congress.gov/member/william-timmons/T000480,"South Carolina",4,Republican,"House: 2019-Present"
"Representative Tipton, Scott  R.",https://www.congress.gov/member/scott-tipton/T000470,Colorado,3,Republican,"House: 2011-Present"
"Representative Titus, Dina",https://www.congress.gov/member/dina-titus/T000468,Nevada,1,Democratic,"House: 2009-2011, 2013-Present"
"Representative Tlaib, Rashida",https://www.congress.gov/member/rashida-tlaib/T000481,Michigan,13,Democratic,"House: 2019-Present"
"Representative Tonko, Paul",https://www.congress.gov/member/paul-tonko/T000469,"New York",20,Democratic,"House: 2009-Present"
"Representative Torres Small, Xochitl",https://www.congress.gov/member/xochitl-torres-small/T000484,"New Mexico",2,Democratic,"House: 2019-Present"
"Representative Torres, Norma J.",https://www.congress.gov/member/norma-torres/T000474,California,35,Democratic,"House: 2015-Present"
"Representative Trahan, Lori",https://www.congress.gov/member/lori-trahan/T000482,Massachusetts,3,Democratic,"House: 2019-Present"
"Representative Trone, David J.",https://www.congress.gov/member/david-trone/T000483,Maryland,6,Democratic,"House: 2019-Present"
"Representative Turner, Michael R.",https://www.congress.gov/member/michael-turner/T000463,Ohio,10,Republican,"House: 2003-Present"
"Representative Underwood, Lauren",https://www.congress.gov/member/lauren-underwood/U000040,Illinois,14,Democratic,"House: 2019-Present"
"Representative Upton, Fred",https://www.congress.gov/member/fred-upton/U000031,Michigan,6,Republican,"House: 1987-Present"
"Representative Van Drew, Jefferson",https://www.congress.gov/member/jefferson-van-drew/V000133,"New Jersey",2,Republican,"House: 2019-Present"
"Representative Vargas, Juan",https://www.congress.gov/member/juan-vargas/V000130,California,51,Democratic,"House: 2013-Present"
"Representative Veasey, Marc A.",https://www.congress.gov/member/marc-veasey/V000131,Texas,33,Democratic,"House: 2013-Present"
"Representative Vela, Filemon",https://www.congress.gov/member/filemon-vela/V000132,Texas,34,Democratic,"House: 2013-Present"
"Representative Velazquez, Nydia M.",https://www.congress.gov/member/nydia-velazquez/V000081,"New York",7,Democratic,"House: 1993-Present"
"Representative Visclosky, Peter J.",https://www.congress.gov/member/peter-visclosky/V000108,Indiana,1,Democratic,"House: 1985-Present"
"Representative Wagner, Ann",https://www.congress.gov/member/ann-wagner/W000812,Missouri,2,Republican,"House: 2013-Present"
"Representative Walberg, Tim",https://www.congress.gov/member/tim-walberg/W000798,Michigan,7,Republican,"House: 2007-2009, 2011-Present"
"Representative Walden, Greg",https://www.congress.gov/member/greg-walden/W000791,Oregon,2,Republican,"House: 1999-Present"
"Representative Walker, Mark",https://www.congress.gov/member/mark-walker/W000819,"North Carolina",6,Republican,"House: 2015-Present"
"Representative Walorski, Jackie",https://www.congress.gov/member/jackie-walorski/W000813,Indiana,2,Republican,"House: 2013-Present"
"Representative Waltz, Michael",https://www.congress.gov/member/michael-waltz/W000823,Florida,6,Republican,"House: 2019-Present"
"Representative Wasserman Schultz, Debbie",https://www.congress.gov/member/debbie-wasserman-schultz/W000797,Florida,23,Democratic,"House: 2005-Present"
"Representative Waters, Maxine",https://www.congress.gov/member/maxine-waters/W000187,California,43,Democratic,"House: 1991-Present"
"Representative Watkins, Steve",https://www.congress.gov/member/steve-watkins/W000824,Kansas,2,Republican,"House: 2019-Present"
"Representative Watson Coleman, Bonnie",https://www.congress.gov/member/bonnie-watson-coleman/W000822,"New Jersey",12,Democratic,"House: 2015-Present"
"Representative Weber, Randy K., Sr.",https://www.congress.gov/member/randy-weber/W000814,Texas,14,Republican,"House: 2013-Present"
"Representative Webster, Daniel",https://www.congress.gov/member/daniel-webster/W000806,Florida,11,Republican,"House: 2011-Present"
"Representative Welch, Peter",https://www.congress.gov/member/peter-welch/W000800,Vermont,,Democratic,"House: 2007-Present"
"Representative Wenstrup, Brad R.",https://www.congress.gov/member/brad-wenstrup/W000815,Ohio,2,Republican,"House: 2013-Present"
"Representative Westerman, Bruce",https://www.congress.gov/member/bruce-westerman/W000821,Arkansas,4,Republican,"House: 2015-Present"
"Representative Wexton, Jennifer",https://www.congress.gov/member/jennifer-wexton/W000825,Virginia,10,Democratic,"House: 2019-Present"
"Representative Wild, Susan",https://www.congress.gov/member/susan-wild/W000826,Pennsylvania,7,Democratic,"House: 2018-Present"
"Representative Williams, Roger",https://www.congress.gov/member/roger-williams/W000816,Texas,25,Republican,"House: 2013-Present"
"Representative Wilson, Frederica S.",https://www.congress.gov/member/frederica-wilson/W000808,Florida,24,Democratic,"House: 2011-Present"
"Representative Wilson, Joe",https://www.congress.gov/member/joe-wilson/W000795,"South Carolina",2,Republican,"House: 2001-Present"
"Representative Wittman, Robert J.",https://www.congress.gov/member/robert-wittman/W000804,Virginia,1,Republican,"House: 2007-Present"
"Representative Womack, Steve",https://www.congress.gov/member/steve-womack/W000809,Arkansas,3,Republican,"House: 2011-Present"
"Representative Woodall, Rob",https://www.congress.gov/member/rob-woodall/W000810,Georgia,7,Republican,"House: 2011-Present"
"Representative Wright, Ron",https://www.congress.gov/member/ron-wright/W000827,Texas,6,Republican,"House: 2019-Present"
"Representative Yarmuth, John A.",https://www.congress.gov/member/john-yarmuth/Y000062,Kentucky,3,Democratic,"House: 2007-Present"
"Representative Yoho, Ted S.",https://www.congress.gov/member/ted-yoho/Y000065,Florida,3,Republican,"House: 2013-Present"
"Representative Young, Don",https://www.congress.gov/member/don-young/Y000033,Alaska,,Republican,"House: 1973-Present"
"Representative Zeldin, Lee M.",https://www.congress.gov/member/lee-zeldin/Z000017,"New York",1,Republican,"House: 2015-Present"
